"b:tnow in s";"s:Vac_ist";"s:id_ref";"s:iq_ref"
0.000000;1.002411;0.498797;-0.498797
0.001000;1.002411;0.498797;-0.498797
0.002000;1.002411;0.498797;-0.498797
0.003000;1.002411;0.498797;-0.498797
0.004000;1.002411;0.498797;-0.498797
0.005000;1.002411;0.498797;-0.498797
0.006000;1.002411;0.498797;-0.498797
0.007000;1.002411;0.498797;-0.498797
0.008000;1.002411;0.498797;-0.498797
0.009000;1.002411;0.498797;-0.498797
0.010000;1.002411;0.498797;-0.498797
0.011000;1.002411;0.498797;-0.498797
0.012000;1.002411;0.498797;-0.498797
0.013000;1.002411;0.498797;-0.498797
0.014000;1.002411;0.498797;-0.498797
0.015000;1.002411;0.498797;-0.498797
0.016000;1.002411;0.498797;-0.498797
0.017000;1.002411;0.498797;-0.498797
0.018000;1.002411;0.498797;-0.498797
0.019000;1.002411;0.498797;-0.498797
0.020000;1.002411;0.498797;-0.498797
0.021000;1.002411;0.498797;-0.498797
0.022000;1.002411;0.498797;-0.498797
0.023000;1.002411;0.498797;-0.498797
0.024000;1.002411;0.498797;-0.498797
0.025000;1.002411;0.498797;-0.498797
0.026000;1.002411;0.498797;-0.498797
0.027000;1.002411;0.498797;-0.498797
0.028000;1.002411;0.498797;-0.498797
0.029000;1.002411;0.498797;-0.498797
0.030000;1.002411;0.498797;-0.498797
0.031000;1.002411;0.498797;-0.498797
0.032000;1.002411;0.498797;-0.498797
0.033000;1.002411;0.498797;-0.498797
0.034000;1.002411;0.498797;-0.498797
0.035000;1.002411;0.498797;-0.498797
0.036000;1.002411;0.498797;-0.498797
0.037000;1.002411;0.498797;-0.498797
0.038000;1.002411;0.498797;-0.498797
0.039000;1.002411;0.498797;-0.498797
0.040000;1.002411;0.498797;-0.498797
0.041000;1.002411;0.498797;-0.498797
0.042000;1.002411;0.498797;-0.498797
0.043000;1.002411;0.498797;-0.498797
0.044000;1.002411;0.498797;-0.498797
0.045000;1.002411;0.498797;-0.498797
0.046000;1.002411;0.498797;-0.498797
0.047000;1.002411;0.498797;-0.498797
0.048000;1.002411;0.498797;-0.498797
0.049000;1.002411;0.498797;-0.498797
0.050000;1.002411;0.498797;-0.498797
0.051000;1.002411;0.498797;-0.498797
0.052000;1.002411;0.498797;-0.498797
0.053000;1.002411;0.498797;-0.498797
0.054000;1.002411;0.498797;-0.498797
0.055000;1.002411;0.498797;-0.498797
0.056000;1.002411;0.498797;-0.498797
0.057000;1.002411;0.498797;-0.498797
0.058000;1.002411;0.498797;-0.498797
0.059000;1.002411;0.498797;-0.498797
0.060000;1.002411;0.498797;-0.498797
0.061000;1.002411;0.498797;-0.498797
0.062000;1.002411;0.498797;-0.498797
0.063000;1.002411;0.498797;-0.498797
0.064000;1.002411;0.498797;-0.498797
0.065000;1.002411;0.498797;-0.498797
0.066000;1.002411;0.498797;-0.498797
0.067000;1.002411;0.498797;-0.498797
0.068000;1.002411;0.498797;-0.498797
0.069000;1.002411;0.498797;-0.498797
0.070000;1.002411;0.498797;-0.498797
0.071000;1.002411;0.498797;-0.498797
0.072000;1.002411;0.498797;-0.498797
0.073000;1.002411;0.498797;-0.498797
0.074000;1.002411;0.498797;-0.498797
0.075000;1.002411;0.498797;-0.498797
0.076000;1.002411;0.498797;-0.498797
0.077000;1.002411;0.498797;-0.498797
0.078000;1.002411;0.498797;-0.498797
0.079000;1.002411;0.498797;-0.498797
0.080000;1.002411;0.498797;-0.498797
0.081000;1.002411;0.498797;-0.498797
0.082000;1.002411;0.498797;-0.498797
0.083000;1.002411;0.498797;-0.498797
0.084000;1.002411;0.498797;-0.498797
0.085000;1.002411;0.498797;-0.498797
0.086000;1.002411;0.498797;-0.498797
0.087000;1.002411;0.498797;-0.498797
0.088000;1.002411;0.498797;-0.498797
0.089000;1.002411;0.498797;-0.498797
0.090000;1.002411;0.498797;-0.498797
0.091000;1.002411;0.498797;-0.498797
0.092000;1.002411;0.498797;-0.498797
0.093000;1.002411;0.498797;-0.498797
0.094000;1.002411;0.498797;-0.498797
0.095000;1.002411;0.498797;-0.498797
0.096000;1.002411;0.498797;-0.498797
0.097000;1.002411;0.498797;-0.498797
0.098000;1.002411;0.498797;-0.498797
0.099000;1.002411;0.498797;-0.498797
0.100000;1.002411;0.498797;-0.498797
0.101000;1.002411;0.498797;-0.498797
0.102000;1.002411;0.498797;-0.498797
0.103000;1.002411;0.498797;-0.498797
0.104000;1.002411;0.498797;-0.498797
0.105000;1.002411;0.498797;-0.498797
0.106000;1.002411;0.498797;-0.498797
0.107000;1.002411;0.498797;-0.498797
0.108000;1.002411;0.498797;-0.498797
0.109000;1.002411;0.498797;-0.498797
0.110000;1.002411;0.498797;-0.498797
0.111000;1.002411;0.498797;-0.498797
0.112000;1.002411;0.498797;-0.498797
0.113000;1.002411;0.498797;-0.498797
0.114000;1.002411;0.498797;-0.498797
0.115000;1.002411;0.498797;-0.498797
0.116000;1.002411;0.498797;-0.498797
0.117000;1.002411;0.498797;-0.498797
0.118000;1.002411;0.498797;-0.498797
0.119000;1.002411;0.498797;-0.498797
0.120000;1.002411;0.498797;-0.498797
0.121000;1.002411;0.498797;-0.498797
0.122000;1.002411;0.498797;-0.498797
0.123000;1.002411;0.498797;-0.498797
0.124000;1.002411;0.498797;-0.498797
0.125000;1.002411;0.498797;-0.498797
0.126000;1.002411;0.498797;-0.498797
0.127000;1.002411;0.498797;-0.498797
0.128000;1.002411;0.498797;-0.498797
0.129000;1.002411;0.498797;-0.498797
0.130000;1.002411;0.498797;-0.498797
0.131000;1.002411;0.498797;-0.498797
0.132000;1.002411;0.498797;-0.498797
0.133000;1.002411;0.498797;-0.498797
0.134000;1.002411;0.498797;-0.498797
0.135000;1.002411;0.498797;-0.498797
0.136000;1.002411;0.498797;-0.498797
0.137000;1.002411;0.498797;-0.498797
0.138000;1.002411;0.498797;-0.498797
0.139000;1.002411;0.498797;-0.498797
0.140000;1.002411;0.498797;-0.498797
0.141000;1.002411;0.498797;-0.498797
0.142000;1.002411;0.498797;-0.498797
0.143000;1.002411;0.498797;-0.498797
0.144000;1.002411;0.498797;-0.498797
0.145000;1.002411;0.498797;-0.498797
0.146000;1.002411;0.498797;-0.498797
0.147000;1.002411;0.498797;-0.498797
0.148000;1.002411;0.498797;-0.498797
0.149000;1.002411;0.498797;-0.498797
0.150000;1.002411;0.498797;-0.498797
0.151000;1.002411;0.498797;-0.498797
0.152000;1.002411;0.498797;-0.498797
0.153000;1.002411;0.498797;-0.498797
0.154000;1.002411;0.498797;-0.498797
0.155000;1.002411;0.498797;-0.498797
0.156000;1.002411;0.498797;-0.498797
0.157000;1.002411;0.498797;-0.498797
0.158000;1.002411;0.498797;-0.498797
0.159000;1.002411;0.498797;-0.498797
0.160000;1.002411;0.498797;-0.498797
0.161000;1.002411;0.498797;-0.498797
0.162000;1.002411;0.498797;-0.498797
0.163000;1.002411;0.498797;-0.498797
0.164000;1.002411;0.498797;-0.498797
0.165000;1.002411;0.498797;-0.498797
0.166000;1.002411;0.498797;-0.498797
0.167000;1.002411;0.498797;-0.498797
0.168000;1.002411;0.498797;-0.498797
0.169000;1.002411;0.498797;-0.498797
0.170000;1.002411;0.498797;-0.498797
0.171000;1.002411;0.498797;-0.498797
0.172000;1.002411;0.498797;-0.498797
0.173000;1.002411;0.498797;-0.498797
0.174000;1.002411;0.498797;-0.498797
0.175000;1.002411;0.498797;-0.498797
0.176000;1.002411;0.498797;-0.498797
0.177000;1.002411;0.498797;-0.498797
0.178000;1.002411;0.498797;-0.498797
0.179000;1.002411;0.498797;-0.498797
0.180000;1.002411;0.498797;-0.498797
0.181000;1.002411;0.498797;-0.498797
0.182000;1.002411;0.498797;-0.498797
0.183000;1.002411;0.498797;-0.498797
0.184000;1.002411;0.498797;-0.498797
0.185000;1.002411;0.498797;-0.498797
0.186000;1.002411;0.498797;-0.498797
0.187000;1.002411;0.498797;-0.498797
0.188000;1.002411;0.498797;-0.498797
0.189000;1.002411;0.498797;-0.498797
0.190000;1.002411;0.498797;-0.498797
0.191000;1.002411;0.498797;-0.498797
0.192000;1.002411;0.498797;-0.498797
0.193000;1.002411;0.498797;-0.498797
0.194000;1.002411;0.498797;-0.498797
0.195000;1.002411;0.498797;-0.498797
0.196000;1.002411;0.498797;-0.498797
0.197000;1.002411;0.498797;-0.498797
0.198000;1.002411;0.498797;-0.498797
0.199000;1.002411;0.498797;-0.498797
0.200000;1.002411;0.498797;-0.498797
0.201000;1.002411;0.498797;-0.498797
0.202000;1.002411;0.498797;-0.498797
0.203000;1.002411;0.498797;-0.498797
0.204000;1.002411;0.498797;-0.498797
0.205000;1.002411;0.498797;-0.498797
0.206000;1.002411;0.498797;-0.498797
0.207000;1.002411;0.498797;-0.498797
0.208000;1.002411;0.498797;-0.498797
0.209000;1.002411;0.498797;-0.498797
0.210000;1.002411;0.498797;-0.498797
0.211000;1.002411;0.498797;-0.498797
0.212000;1.002411;0.498797;-0.498797
0.213000;1.002411;0.498797;-0.498797
0.214000;1.002411;0.498797;-0.498797
0.215000;1.002411;0.498797;-0.498797
0.216000;1.002411;0.498797;-0.498797
0.217000;1.002411;0.498797;-0.498797
0.218000;1.002411;0.498797;-0.498797
0.219000;1.002411;0.498797;-0.498797
0.220000;1.002411;0.498797;-0.498797
0.221000;1.002411;0.498797;-0.498797
0.222000;1.002411;0.498797;-0.498797
0.223000;1.002411;0.498797;-0.498797
0.224000;1.002411;0.498797;-0.498797
0.225000;1.002411;0.498797;-0.498797
0.226000;1.002411;0.498797;-0.498797
0.227000;1.002411;0.498797;-0.498797
0.228000;1.002411;0.498797;-0.498797
0.229000;1.002411;0.498797;-0.498797
0.230000;1.002411;0.498797;-0.498797
0.231000;1.002411;0.498797;-0.498797
0.232000;1.002411;0.498797;-0.498797
0.233000;1.002411;0.498797;-0.498797
0.234000;1.002411;0.498797;-0.498797
0.235000;1.002411;0.498797;-0.498797
0.236000;1.002411;0.498797;-0.498797
0.237000;1.002411;0.498797;-0.498797
0.238000;1.002411;0.498797;-0.498797
0.239000;1.002411;0.498797;-0.498797
0.240000;1.002411;0.498797;-0.498797
0.241000;1.002411;0.498797;-0.498797
0.242000;1.002411;0.498797;-0.498797
0.243000;1.002411;0.498797;-0.498797
0.244000;1.002411;0.498797;-0.498797
0.245000;1.002411;0.498797;-0.498797
0.246000;1.002411;0.498797;-0.498797
0.247000;1.002411;0.498797;-0.498797
0.248000;1.002411;0.498797;-0.498797
0.249000;1.002411;0.498797;-0.498797
0.250000;1.002411;0.498797;-0.498797
0.251000;1.002411;0.498797;-0.498797
0.252000;1.002411;0.498797;-0.498797
0.253000;1.002411;0.498797;-0.498797
0.254000;1.002411;0.498797;-0.498797
0.255000;1.002411;0.498797;-0.498797
0.256000;1.002411;0.498797;-0.498797
0.257000;1.002411;0.498797;-0.498797
0.258000;1.002411;0.498797;-0.498797
0.259000;1.002411;0.498797;-0.498797
0.260000;1.002411;0.498797;-0.498797
0.261000;1.002411;0.498797;-0.498797
0.262000;1.002411;0.498797;-0.498797
0.263000;1.002411;0.498797;-0.498797
0.264000;1.002411;0.498797;-0.498797
0.265000;1.002411;0.498797;-0.498797
0.266000;1.002411;0.498797;-0.498797
0.267000;1.002411;0.498797;-0.498797
0.268000;1.002411;0.498797;-0.498797
0.269000;1.002411;0.498797;-0.498797
0.270000;1.002411;0.498797;-0.498797
0.271000;1.002411;0.498797;-0.498797
0.272000;1.002411;0.498797;-0.498797
0.273000;1.002411;0.498797;-0.498797
0.274000;1.002411;0.498797;-0.498797
0.275000;1.002411;0.498797;-0.498797
0.276000;1.002411;0.498797;-0.498797
0.277000;1.002411;0.498797;-0.498797
0.278000;1.002411;0.498797;-0.498797
0.279000;1.002411;0.498797;-0.498797
0.280000;1.002411;0.498797;-0.498797
0.281000;1.002411;0.498797;-0.498797
0.282000;1.002411;0.498797;-0.498797
0.283000;1.002411;0.498797;-0.498797
0.284000;1.002411;0.498797;-0.498797
0.285000;1.002411;0.498797;-0.498797
0.286000;1.002411;0.498797;-0.498797
0.287000;1.002411;0.498797;-0.498797
0.288000;1.002411;0.498797;-0.498797
0.289000;1.002411;0.498797;-0.498797
0.290000;1.002411;0.498797;-0.498797
0.291000;1.002411;0.498797;-0.498797
0.292000;1.002411;0.498797;-0.498797
0.293000;1.002411;0.498797;-0.498797
0.294000;1.002411;0.498797;-0.498797
0.295000;1.002411;0.498797;-0.498797
0.296000;1.002411;0.498797;-0.498797
0.297000;1.002411;0.498797;-0.498797
0.298000;1.002411;0.498797;-0.498797
0.299000;1.002411;0.498797;-0.498797
0.300000;1.002411;0.498797;-0.498797
0.301000;1.002411;0.498797;-0.498797
0.302000;1.002411;0.498797;-0.498797
0.303000;1.002411;0.498797;-0.498797
0.304000;1.002411;0.498797;-0.498797
0.305000;1.002411;0.498797;-0.498797
0.306000;1.002411;0.498797;-0.498797
0.307000;1.002411;0.498797;-0.498797
0.308000;1.002411;0.498797;-0.498797
0.309000;1.002411;0.498797;-0.498797
0.310000;1.002411;0.498797;-0.498797
0.311000;1.002411;0.498797;-0.498797
0.312000;1.002411;0.498797;-0.498797
0.313000;1.002411;0.498797;-0.498797
0.314000;1.002411;0.498797;-0.498797
0.315000;1.002411;0.498797;-0.498797
0.316000;1.002411;0.498797;-0.498797
0.317000;1.002411;0.498797;-0.498797
0.318000;1.002411;0.498797;-0.498797
0.319000;1.002411;0.498797;-0.498797
0.320000;1.002411;0.498797;-0.498797
0.321000;1.002411;0.498797;-0.498797
0.322000;1.002411;0.498797;-0.498797
0.323000;1.002411;0.498797;-0.498797
0.324000;1.002411;0.498797;-0.498797
0.325000;1.002411;0.498797;-0.498797
0.326000;1.002411;0.498797;-0.498797
0.327000;1.002411;0.498797;-0.498797
0.328000;1.002411;0.498797;-0.498797
0.329000;1.002411;0.498797;-0.498797
0.330000;1.002411;0.498797;-0.498797
0.331000;1.002411;0.498797;-0.498797
0.332000;1.002411;0.498797;-0.498797
0.333000;1.002411;0.498797;-0.498797
0.334000;1.002411;0.498797;-0.498797
0.335000;1.002411;0.498797;-0.498797
0.336000;1.002411;0.498797;-0.498797
0.337000;1.002411;0.498797;-0.498797
0.338000;1.002411;0.498797;-0.498797
0.339000;1.002411;0.498797;-0.498797
0.340000;1.002411;0.498797;-0.498797
0.341000;1.002411;0.498797;-0.498797
0.342000;1.002411;0.498797;-0.498797
0.343000;1.002411;0.498797;-0.498797
0.344000;1.002411;0.498797;-0.498797
0.345000;1.002411;0.498797;-0.498797
0.346000;1.002411;0.498797;-0.498797
0.347000;1.002411;0.498797;-0.498797
0.348000;1.002411;0.498797;-0.498797
0.349000;1.002411;0.498797;-0.498797
0.350000;1.002411;0.498797;-0.498797
0.351000;1.002411;0.498797;-0.498797
0.352000;1.002411;0.498797;-0.498797
0.353000;1.002411;0.498797;-0.498797
0.354000;1.002411;0.498797;-0.498797
0.355000;1.002411;0.498797;-0.498797
0.356000;1.002411;0.498797;-0.498797
0.357000;1.002411;0.498797;-0.498797
0.358000;1.002411;0.498797;-0.498797
0.359000;1.002411;0.498797;-0.498797
0.360000;1.002411;0.498797;-0.498797
0.361000;1.002411;0.498797;-0.498797
0.362000;1.002411;0.498797;-0.498797
0.363000;1.002411;0.498797;-0.498797
0.364000;1.002411;0.498797;-0.498797
0.365000;1.002411;0.498797;-0.498797
0.366000;1.002411;0.498797;-0.498797
0.367000;1.002411;0.498797;-0.498797
0.368000;1.002411;0.498797;-0.498797
0.369000;1.002411;0.498797;-0.498797
0.370000;1.002411;0.498797;-0.498797
0.371000;1.002411;0.498797;-0.498797
0.372000;1.002411;0.498797;-0.498797
0.373000;1.002411;0.498797;-0.498797
0.374000;1.002411;0.498797;-0.498797
0.375000;1.002411;0.498797;-0.498797
0.376000;1.002411;0.498797;-0.498797
0.377000;1.002411;0.498797;-0.498797
0.378000;1.002411;0.498797;-0.498797
0.379000;1.002411;0.498797;-0.498797
0.380000;1.002411;0.498797;-0.498797
0.381000;1.002411;0.498797;-0.498797
0.382000;1.002411;0.498797;-0.498797
0.383000;1.002411;0.498797;-0.498797
0.384000;1.002411;0.498797;-0.498797
0.385000;1.002411;0.498797;-0.498797
0.386000;1.002411;0.498797;-0.498797
0.387000;1.002411;0.498797;-0.498797
0.388000;1.002411;0.498797;-0.498797
0.389000;1.002411;0.498797;-0.498797
0.390000;1.002411;0.498797;-0.498797
0.391000;1.002411;0.498797;-0.498797
0.392000;1.002411;0.498797;-0.498797
0.393000;1.002411;0.498797;-0.498797
0.394000;1.002411;0.498797;-0.498797
0.395000;1.002411;0.498797;-0.498797
0.396000;1.002411;0.498797;-0.498797
0.397000;1.002411;0.498797;-0.498797
0.398000;1.002411;0.498797;-0.498797
0.399000;1.002411;0.498797;-0.498797
0.400000;1.002411;0.498797;-0.498797
0.401000;1.002411;0.498797;-0.498797
0.402000;1.002411;0.498797;-0.498797
0.403000;1.002411;0.498797;-0.498797
0.404000;1.002411;0.498797;-0.498797
0.405000;1.002411;0.498797;-0.498797
0.406000;1.002411;0.498797;-0.498797
0.407000;1.002411;0.498797;-0.498797
0.408000;1.002411;0.498797;-0.498797
0.409000;1.002411;0.498797;-0.498797
0.410000;1.002411;0.498797;-0.498797
0.411000;1.002411;0.498797;-0.498797
0.412000;1.002411;0.498797;-0.498797
0.413000;1.002411;0.498797;-0.498797
0.414000;1.002411;0.498797;-0.498797
0.415000;1.002411;0.498797;-0.498797
0.416000;1.002411;0.498797;-0.498797
0.417000;1.002411;0.498797;-0.498797
0.418000;1.002411;0.498797;-0.498797
0.419000;1.002411;0.498797;-0.498797
0.420000;1.002411;0.498797;-0.498797
0.421000;1.002411;0.498797;-0.498797
0.422000;1.002411;0.498797;-0.498797
0.423000;1.002411;0.498797;-0.498797
0.424000;1.002411;0.498797;-0.498797
0.425000;1.002411;0.498797;-0.498797
0.426000;1.002411;0.498797;-0.498797
0.427000;1.002411;0.498797;-0.498797
0.428000;1.002411;0.498797;-0.498797
0.429000;1.002411;0.498797;-0.498797
0.430000;1.002411;0.498797;-0.498797
0.431000;1.002411;0.498797;-0.498797
0.432000;1.002411;0.498797;-0.498797
0.433000;1.002411;0.498797;-0.498797
0.434000;1.002411;0.498797;-0.498797
0.435000;1.002411;0.498797;-0.498797
0.436000;1.002411;0.498797;-0.498797
0.437000;1.002411;0.498797;-0.498797
0.438000;1.002411;0.498797;-0.498797
0.439000;1.002411;0.498797;-0.498797
0.440000;1.002411;0.498797;-0.498797
0.441000;1.002411;0.498797;-0.498797
0.442000;1.002411;0.498797;-0.498797
0.443000;1.002411;0.498797;-0.498797
0.444000;1.002411;0.498797;-0.498797
0.445000;1.002411;0.498797;-0.498797
0.446000;1.002411;0.498797;-0.498797
0.447000;1.002411;0.498797;-0.498797
0.448000;1.002411;0.498797;-0.498797
0.449000;1.002411;0.498797;-0.498797
0.450000;1.002411;0.498797;-0.498797
0.451000;1.002411;0.498797;-0.498797
0.452000;1.002411;0.498797;-0.498797
0.453000;1.002411;0.498797;-0.498797
0.454000;1.002411;0.498797;-0.498797
0.455000;1.002411;0.498797;-0.498797
0.456000;1.002411;0.498797;-0.498797
0.457000;1.002411;0.498797;-0.498797
0.458000;1.002411;0.498797;-0.498797
0.459000;1.002411;0.498797;-0.498797
0.460000;1.002411;0.498797;-0.498797
0.461000;1.002411;0.498797;-0.498797
0.462000;1.002411;0.498797;-0.498797
0.463000;1.002411;0.498797;-0.498797
0.464000;1.002411;0.498797;-0.498797
0.465000;1.002411;0.498797;-0.498797
0.466000;1.002411;0.498797;-0.498797
0.467000;1.002411;0.498797;-0.498797
0.468000;1.002411;0.498797;-0.498797
0.469000;1.002411;0.498797;-0.498797
0.470000;1.002411;0.498797;-0.498797
0.471000;1.002411;0.498797;-0.498797
0.472000;1.002411;0.498797;-0.498797
0.473000;1.002411;0.498797;-0.498797
0.474000;1.002411;0.498797;-0.498797
0.475000;1.002411;0.498797;-0.498797
0.476000;1.002411;0.498797;-0.498797
0.477000;1.002411;0.498797;-0.498797
0.478000;1.002411;0.498797;-0.498797
0.479000;1.002411;0.498797;-0.498797
0.480000;1.002411;0.498797;-0.498797
0.481000;1.002411;0.498797;-0.498797
0.482000;1.002411;0.498797;-0.498797
0.483000;1.002411;0.498797;-0.498797
0.484000;1.002411;0.498797;-0.498797
0.485000;1.002411;0.498797;-0.498797
0.486000;1.002411;0.498797;-0.498797
0.487000;1.002411;0.498797;-0.498797
0.488000;1.002411;0.498797;-0.498797
0.489000;1.002411;0.498797;-0.498797
0.490000;1.002411;0.498797;-0.498797
0.491000;1.002411;0.498797;-0.498797
0.492000;1.002411;0.498797;-0.498797
0.493000;1.002411;0.498797;-0.498797
0.494000;1.002411;0.498797;-0.498797
0.495000;1.002411;0.498797;-0.498797
0.496000;1.002411;0.498797;-0.498797
0.497000;1.002411;0.498797;-0.498797
0.498000;1.002411;0.498797;-0.498797
0.499000;1.002411;0.498797;-0.498797
0.500000;1.002411;0.498797;-0.498797
0.500500;0.791827;0.530319;-0.847798
0.501167;0.793695;0.538580;-0.842574
0.502167;0.793698;0.538591;-0.842568
0.503167;0.793698;0.538591;-0.842567
0.504167;0.793698;0.538591;-0.842567
0.505167;0.793698;0.538591;-0.842567
0.506167;0.793698;0.538591;-0.842567
0.507167;0.793698;0.538591;-0.842567
0.508167;0.793698;0.538591;-0.842567
0.509167;0.793698;0.538591;-0.842567
0.510167;0.793698;0.538591;-0.842567
0.511167;0.793698;0.538591;-0.842567
0.512167;0.793698;0.538591;-0.842567
0.513167;0.793698;0.538591;-0.842567
0.514167;0.793698;0.538591;-0.842567
0.515167;0.793698;0.538591;-0.842567
0.516167;0.793698;0.538591;-0.842567
0.517167;0.793698;0.538591;-0.842567
0.518167;0.793698;0.538591;-0.842567
0.519167;0.793698;0.538591;-0.842567
0.520167;0.793698;0.538591;-0.842567
0.521167;0.793698;0.538591;-0.842567
0.522167;0.793698;0.538591;-0.842567
0.523167;0.793698;0.538591;-0.842567
0.524167;0.793698;0.538591;-0.842567
0.525167;0.793698;0.538591;-0.842567
0.526167;0.793698;0.538591;-0.842567
0.527167;0.793698;0.538591;-0.842567
0.528167;0.793698;0.538591;-0.842567
0.529167;0.793698;0.538591;-0.842567
0.530167;0.793698;0.538591;-0.842567
0.531167;0.793698;0.538591;-0.842567
0.532167;0.793698;0.538591;-0.842567
0.533167;0.793698;0.538591;-0.842567
0.534167;0.793698;0.538591;-0.842567
0.535167;0.793698;0.538591;-0.842567
0.536167;0.793698;0.538591;-0.842567
0.537167;0.793698;0.538591;-0.842567
0.538167;0.793698;0.538591;-0.842567
0.539167;0.793698;0.538591;-0.842567
0.540167;0.793698;0.538591;-0.842567
0.541167;0.793698;0.538591;-0.842567
0.542167;0.793698;0.538591;-0.842567
0.543167;0.793698;0.538591;-0.842567
0.544167;0.793698;0.538591;-0.842567
0.545167;0.793698;0.538591;-0.842567
0.546167;0.793698;0.538591;-0.842567
0.547167;0.793698;0.538591;-0.842567
0.548167;0.793698;0.538591;-0.842567
0.549167;0.793698;0.538591;-0.842567
0.550167;0.793698;0.538591;-0.842567
0.551167;0.793698;0.538591;-0.842567
0.552167;0.793698;0.538591;-0.842567
0.553167;0.793698;0.538591;-0.842567
0.554167;0.793698;0.538591;-0.842567
0.555167;0.793698;0.538591;-0.842567
0.556167;0.793698;0.538591;-0.842567
0.557167;0.793698;0.538591;-0.842567
0.558167;0.793698;0.538591;-0.842567
0.559167;0.793698;0.538591;-0.842567
0.560167;0.793698;0.538591;-0.842567
0.561167;0.793698;0.538591;-0.842567
0.562167;0.793698;0.538591;-0.842567
0.563167;0.793698;0.538591;-0.842567
0.564167;0.793698;0.538591;-0.842567
0.565167;0.793698;0.538591;-0.842567
0.566167;0.793698;0.538591;-0.842567
0.567167;0.793698;0.538591;-0.842567
0.568167;0.793698;0.538591;-0.842567
0.569167;0.793698;0.538591;-0.842567
0.570167;0.793698;0.538591;-0.842567
0.571167;0.793698;0.538591;-0.842567
0.572167;0.793698;0.538591;-0.842567
0.573167;0.793698;0.538591;-0.842567
0.574167;0.793698;0.538591;-0.842567
0.575167;0.793698;0.538591;-0.842567
0.576167;0.793698;0.538591;-0.842567
0.577167;0.793698;0.538591;-0.842567
0.578167;0.793698;0.538591;-0.842567
0.579167;0.793698;0.538591;-0.842567
0.580167;0.793698;0.538591;-0.842567
0.581167;0.793698;0.538591;-0.842567
0.582167;0.793698;0.538591;-0.842567
0.583167;0.793698;0.538591;-0.842567
0.584167;0.793698;0.538591;-0.842567
0.585167;0.793698;0.538591;-0.842567
0.586167;0.793698;0.538591;-0.842567
0.587167;0.793698;0.538591;-0.842567
0.588167;0.793698;0.538591;-0.842567
0.589167;0.793698;0.538591;-0.842567
0.590167;0.793698;0.538591;-0.842567
0.591167;0.793698;0.538591;-0.842567
0.592167;0.793698;0.538591;-0.842567
0.593167;0.793698;0.538591;-0.842567
0.594167;0.793698;0.538591;-0.842567
0.595167;0.793698;0.538591;-0.842567
0.596167;0.793698;0.538591;-0.842567
0.597167;0.793698;0.538591;-0.842567
0.598167;0.793698;0.538591;-0.842567
0.599167;0.793698;0.538591;-0.842567
0.600167;0.793698;0.538591;-0.842567
0.601167;0.793698;0.538591;-0.842567
0.602167;0.793698;0.538591;-0.842567
0.603167;0.793698;0.538591;-0.842567
0.604167;0.793698;0.538591;-0.842567
0.605167;0.793698;0.538591;-0.842567
0.606167;0.793698;0.538591;-0.842567
0.607167;0.793698;0.538591;-0.842567
0.608167;0.793698;0.538591;-0.842567
0.609167;0.793698;0.538591;-0.842567
0.610167;0.793698;0.538591;-0.842567
0.611167;0.793698;0.538591;-0.842567
0.612167;0.793698;0.538591;-0.842567
0.613167;0.793698;0.538591;-0.842567
0.614167;0.793698;0.538591;-0.842567
0.615167;0.793698;0.538591;-0.842567
0.616167;0.793698;0.538591;-0.842567
0.617167;0.793698;0.538591;-0.842567
0.618167;0.793698;0.538591;-0.842567
0.619167;0.793698;0.538591;-0.842567
0.620167;0.793698;0.538591;-0.842567
0.621167;0.793698;0.538591;-0.842567
0.622167;0.793698;0.538591;-0.842567
0.623167;0.793698;0.538591;-0.842567
0.624167;0.793698;0.538591;-0.842567
0.625167;0.793698;0.538591;-0.842567
0.626167;0.793698;0.538591;-0.842567
0.627167;0.793698;0.538591;-0.842567
0.628167;0.793698;0.538591;-0.842567
0.629167;0.793698;0.538591;-0.842567
0.630167;0.793698;0.538591;-0.842567
0.631167;0.793698;0.538591;-0.842567
0.632167;0.793698;0.538591;-0.842567
0.633167;0.793698;0.538591;-0.842567
0.634167;0.793698;0.538591;-0.842567
0.635167;0.793698;0.538591;-0.842567
0.636167;0.793698;0.538591;-0.842567
0.637167;0.793698;0.538591;-0.842567
0.638167;0.793698;0.538591;-0.842567
0.639167;0.793698;0.538591;-0.842567
0.640167;0.793698;0.538591;-0.842567
0.641167;0.793698;0.538591;-0.842567
0.642167;0.793698;0.538591;-0.842567
0.643167;0.793698;0.538591;-0.842567
0.644167;0.793698;0.538591;-0.842567
0.645167;0.793698;0.538591;-0.842567
0.646167;0.793698;0.538591;-0.842567
0.647167;0.793698;0.538591;-0.842567
0.648167;0.793698;0.538591;-0.842567
0.649167;0.793698;0.538591;-0.842567
0.650000;0.793698;0.538591;-0.842567
0.650500;1.004780;0.497621;-0.497621
0.651167;1.002412;0.498797;-0.498797
0.652167;1.002411;0.498797;-0.498797
0.653167;1.002411;0.498797;-0.498797
0.654167;1.002411;0.498797;-0.498797
0.655167;1.002411;0.498797;-0.498797
0.656167;1.002411;0.498797;-0.498797
0.657167;1.002411;0.498797;-0.498797
0.658167;1.002411;0.498797;-0.498797
0.659167;1.002411;0.498797;-0.498797
0.660167;1.002411;0.498797;-0.498797
0.661167;1.002411;0.498797;-0.498797
0.662167;1.002411;0.498797;-0.498797
0.663167;1.002411;0.498797;-0.498797
0.664167;1.002411;0.498797;-0.498797
0.665167;1.002411;0.498797;-0.498797
0.666167;1.002411;0.498797;-0.498797
0.667167;1.002411;0.498797;-0.498797
0.668167;1.002411;0.498797;-0.498797
0.669167;1.002411;0.498797;-0.498797
0.670167;1.002411;0.498797;-0.498797
0.671167;1.002411;0.498797;-0.498797
0.672167;1.002411;0.498797;-0.498797
0.673167;1.002411;0.498797;-0.498797
0.674167;1.002411;0.498797;-0.498797
0.675167;1.002411;0.498797;-0.498797
0.676167;1.002411;0.498797;-0.498797
0.677167;1.002411;0.498797;-0.498797
0.678167;1.002411;0.498797;-0.498797
0.679167;1.002411;0.498797;-0.498797
0.680167;1.002411;0.498797;-0.498797
0.681167;1.002411;0.498797;-0.498797
0.682167;1.002411;0.498797;-0.498797
0.683167;1.002411;0.498797;-0.498797
0.684167;1.002411;0.498797;-0.498797
0.685167;1.002411;0.498797;-0.498797
0.686167;1.002411;0.498797;-0.498797
0.687167;1.002411;0.498797;-0.498797
0.688167;1.002411;0.498797;-0.498797
0.689167;1.002411;0.498797;-0.498797
0.690167;1.002411;0.498797;-0.498797
0.691167;1.002411;0.498797;-0.498797
0.692167;1.002411;0.498797;-0.498797
0.693167;1.002411;0.498797;-0.498797
0.694167;1.002411;0.498797;-0.498797
0.695167;1.002411;0.498797;-0.498797
0.696167;1.002411;0.498797;-0.498797
0.697167;1.002411;0.498797;-0.498797
0.698167;1.002411;0.498797;-0.498797
0.699167;1.002411;0.498797;-0.498797
0.700167;1.002411;0.498797;-0.498797
0.701167;1.002411;0.498797;-0.498797
0.702167;1.002411;0.498797;-0.498797
0.703167;1.002411;0.498797;-0.498797
0.704167;1.002411;0.498797;-0.498797
0.705167;1.002411;0.498797;-0.498797
0.706167;1.002411;0.498797;-0.498797
0.707167;1.002411;0.498797;-0.498797
0.708167;1.002411;0.498797;-0.498797
0.709167;1.002411;0.498797;-0.498797
0.710167;1.002411;0.498797;-0.498797
0.711167;1.002411;0.498797;-0.498797
0.712167;1.002411;0.498797;-0.498797
0.713167;1.002411;0.498797;-0.498797
0.714167;1.002411;0.498797;-0.498797
0.715167;1.002411;0.498797;-0.498797
0.716167;1.002411;0.498797;-0.498797
0.717167;1.002411;0.498797;-0.498797
0.718167;1.002411;0.498797;-0.498797
0.719167;1.002411;0.498797;-0.498797
0.720167;1.002411;0.498797;-0.498797
0.721167;1.002411;0.498797;-0.498797
0.722167;1.002411;0.498797;-0.498797
0.723167;1.002411;0.498797;-0.498797
0.724167;1.002411;0.498797;-0.498797
0.725167;1.002411;0.498797;-0.498797
0.726167;1.002411;0.498797;-0.498797
0.727167;1.002411;0.498797;-0.498797
0.728167;1.002411;0.498797;-0.498797
0.729167;1.002411;0.498797;-0.498797
0.730167;1.002411;0.498797;-0.498797
0.731167;1.002411;0.498797;-0.498797
0.732167;1.002411;0.498797;-0.498797
0.733167;1.002411;0.498797;-0.498797
0.734167;1.002411;0.498797;-0.498797
0.735167;1.002411;0.498797;-0.498797
0.736167;1.002411;0.498797;-0.498797
0.737167;1.002411;0.498797;-0.498797
0.738167;1.002411;0.498797;-0.498797
0.739167;1.002411;0.498797;-0.498797
0.740167;1.002411;0.498797;-0.498797
0.741167;1.002411;0.498797;-0.498797
0.742167;1.002411;0.498797;-0.498797
0.743167;1.002411;0.498797;-0.498797
0.744167;1.002411;0.498797;-0.498797
0.745167;1.002411;0.498797;-0.498797
0.746167;1.002411;0.498797;-0.498797
0.747167;1.002411;0.498797;-0.498797
0.748167;1.002411;0.498797;-0.498797
0.749167;1.002411;0.498797;-0.498797
0.750167;1.002411;0.498797;-0.498797
0.751167;1.002411;0.498797;-0.498797
0.752167;1.002411;0.498797;-0.498797
0.753167;1.002411;0.498797;-0.498797
0.754167;1.002411;0.498797;-0.498797
0.755167;1.002411;0.498797;-0.498797
0.756167;1.002411;0.498797;-0.498797
0.757167;1.002411;0.498797;-0.498797
0.758167;1.002411;0.498797;-0.498797
0.759167;1.002411;0.498797;-0.498797
0.760167;1.002411;0.498797;-0.498797
0.761167;1.002411;0.498797;-0.498797
0.762167;1.002411;0.498797;-0.498797
0.763167;1.002411;0.498797;-0.498797
0.764167;1.002411;0.498797;-0.498797
0.765167;1.002411;0.498797;-0.498797
0.766167;1.002411;0.498797;-0.498797
0.767167;1.002411;0.498797;-0.498797
0.768167;1.002411;0.498797;-0.498797
0.769167;1.002411;0.498797;-0.498797
0.770167;1.002411;0.498797;-0.498797
0.771167;1.002411;0.498797;-0.498797
0.772167;1.002411;0.498797;-0.498797
0.773167;1.002411;0.498797;-0.498797
0.774167;1.002411;0.498797;-0.498797
0.775167;1.002411;0.498797;-0.498797
0.776167;1.002411;0.498797;-0.498797
0.777167;1.002411;0.498797;-0.498797
0.778167;1.002411;0.498797;-0.498797
0.779167;1.002411;0.498797;-0.498797
0.780167;1.002411;0.498797;-0.498797
0.781167;1.002411;0.498797;-0.498797
0.782167;1.002411;0.498797;-0.498797
0.783167;1.002411;0.498797;-0.498797
0.784167;1.002411;0.498797;-0.498797
0.785167;1.002411;0.498797;-0.498797
0.786167;1.002411;0.498797;-0.498797
0.787167;1.002411;0.498797;-0.498797
0.788167;1.002411;0.498797;-0.498797
0.789167;1.002411;0.498797;-0.498797
0.790167;1.002411;0.498797;-0.498797
0.791167;1.002411;0.498797;-0.498797
0.792167;1.002411;0.498797;-0.498797
0.793167;1.002411;0.498797;-0.498797
0.794167;1.002411;0.498797;-0.498797
0.795167;1.002411;0.498797;-0.498797
0.796167;1.002411;0.498797;-0.498797
0.797167;1.002411;0.498797;-0.498797
0.798167;1.002411;0.498797;-0.498797
0.799167;1.002411;0.498797;-0.498797
0.800167;1.002411;0.498797;-0.498797
0.801167;1.002411;0.498797;-0.498797
0.802167;1.002411;0.498797;-0.498797
0.803167;1.002411;0.498797;-0.498797
0.804167;1.002411;0.498797;-0.498797
0.805167;1.002411;0.498797;-0.498797
0.806167;1.002411;0.498797;-0.498797
0.807167;1.002411;0.498797;-0.498797
0.808167;1.002411;0.498797;-0.498797
0.809167;1.002411;0.498797;-0.498797
0.810167;1.002411;0.498797;-0.498797
0.811167;1.002411;0.498797;-0.498797
0.812167;1.002411;0.498797;-0.498797
0.813167;1.002411;0.498797;-0.498797
0.814167;1.002411;0.498797;-0.498797
0.815167;1.002411;0.498797;-0.498797
0.816167;1.002411;0.498797;-0.498797
0.817167;1.002411;0.498797;-0.498797
0.818167;1.002411;0.498797;-0.498797
0.819167;1.002411;0.498797;-0.498797
0.820167;1.002411;0.498797;-0.498797
0.821167;1.002411;0.498797;-0.498797
0.822167;1.002411;0.498797;-0.498797
0.823167;1.002411;0.498797;-0.498797
0.824167;1.002411;0.498797;-0.498797
0.825167;1.002411;0.498797;-0.498797
0.826167;1.002411;0.498797;-0.498797
0.827167;1.002411;0.498797;-0.498797
0.828167;1.002411;0.498797;-0.498797
0.829167;1.002411;0.498797;-0.498797
0.830167;1.002411;0.498797;-0.498797
0.831167;1.002411;0.498797;-0.498797
0.832167;1.002411;0.498797;-0.498797
0.833167;1.002411;0.498797;-0.498797
0.834167;1.002411;0.498797;-0.498797
0.835167;1.002411;0.498797;-0.498797
0.836167;1.002411;0.498797;-0.498797
0.837167;1.002411;0.498797;-0.498797
0.838167;1.002411;0.498797;-0.498797
0.839167;1.002411;0.498797;-0.498797
0.840167;1.002411;0.498797;-0.498797
0.841167;1.002411;0.498797;-0.498797
0.842167;1.002411;0.498797;-0.498797
0.843167;1.002411;0.498797;-0.498797
0.844167;1.002411;0.498797;-0.498797
0.845167;1.002411;0.498797;-0.498797
0.846167;1.002411;0.498797;-0.498797
0.847167;1.002411;0.498797;-0.498797
0.848167;1.002411;0.498797;-0.498797
0.849167;1.002411;0.498797;-0.498797
0.850167;1.002411;0.498797;-0.498797
0.851167;1.002411;0.498797;-0.498797
0.852167;1.002411;0.498797;-0.498797
0.853167;1.002411;0.498797;-0.498797
0.854167;1.002411;0.498797;-0.498797
0.855167;1.002411;0.498797;-0.498797
0.856167;1.002411;0.498797;-0.498797
0.857167;1.002411;0.498797;-0.498797
0.858167;1.002411;0.498797;-0.498797
0.859167;1.002411;0.498797;-0.498797
0.860167;1.002411;0.498797;-0.498797
0.861167;1.002411;0.498797;-0.498797
0.862167;1.002411;0.498797;-0.498797
0.863167;1.002411;0.498797;-0.498797
0.864167;1.002411;0.498797;-0.498797
0.865167;1.002411;0.498797;-0.498797
0.866167;1.002411;0.498797;-0.498797
0.867167;1.002411;0.498797;-0.498797
0.868167;1.002411;0.498797;-0.498797
0.869167;1.002411;0.498797;-0.498797
0.870167;1.002411;0.498797;-0.498797
0.871167;1.002411;0.498797;-0.498797
0.872167;1.002411;0.498797;-0.498797
0.873167;1.002411;0.498797;-0.498797
0.874167;1.002411;0.498797;-0.498797
0.875167;1.002411;0.498797;-0.498797
0.876167;1.002411;0.498797;-0.498797
0.877167;1.002411;0.498797;-0.498797
0.878167;1.002411;0.498797;-0.498797
0.879167;1.002411;0.498797;-0.498797
0.880167;1.002411;0.498797;-0.498797
0.881167;1.002411;0.498797;-0.498797
0.882167;1.002411;0.498797;-0.498797
0.883167;1.002411;0.498797;-0.498797
0.884167;1.002411;0.498797;-0.498797
0.885167;1.002411;0.498797;-0.498797
0.886167;1.002411;0.498797;-0.498797
0.887167;1.002411;0.498797;-0.498797
0.888167;1.002411;0.498797;-0.498797
0.889167;1.002411;0.498797;-0.498797
0.890167;1.002411;0.498797;-0.498797
0.891167;1.002411;0.498797;-0.498797
0.892167;1.002411;0.498797;-0.498797
0.893167;1.002411;0.498797;-0.498797
0.894167;1.002411;0.498797;-0.498797
0.895167;1.002411;0.498797;-0.498797
0.896167;1.002411;0.498797;-0.498797
0.897167;1.002411;0.498797;-0.498797
0.898167;1.002411;0.498797;-0.498797
0.899167;1.002411;0.498797;-0.498797
0.900167;1.002411;0.498797;-0.498797
0.901167;1.002411;0.498797;-0.498797
0.902167;1.002411;0.498797;-0.498797
0.903167;1.002411;0.498797;-0.498797
0.904167;1.002411;0.498797;-0.498797
0.905167;1.002411;0.498797;-0.498797
0.906167;1.002411;0.498797;-0.498797
0.907167;1.002411;0.498797;-0.498797
0.908167;1.002411;0.498797;-0.498797
0.909167;1.002411;0.498797;-0.498797
0.910167;1.002411;0.498797;-0.498797
0.911167;1.002411;0.498797;-0.498797
0.912167;1.002411;0.498797;-0.498797
0.913167;1.002411;0.498797;-0.498797
0.914167;1.002411;0.498797;-0.498797
0.915167;1.002411;0.498797;-0.498797
0.916167;1.002411;0.498797;-0.498797
0.917167;1.002411;0.498797;-0.498797
0.918167;1.002411;0.498797;-0.498797
0.919167;1.002411;0.498797;-0.498797
0.920167;1.002411;0.498797;-0.498797
0.921167;1.002411;0.498797;-0.498797
0.922167;1.002411;0.498797;-0.498797
0.923167;1.002411;0.498797;-0.498797
0.924167;1.002411;0.498797;-0.498797
0.925167;1.002411;0.498797;-0.498797
0.926167;1.002411;0.498797;-0.498797
0.927167;1.002411;0.498797;-0.498797
0.928167;1.002411;0.498797;-0.498797
0.929167;1.002411;0.498797;-0.498797
0.930167;1.002411;0.498797;-0.498797
0.931167;1.002411;0.498797;-0.498797
0.932167;1.002411;0.498797;-0.498797
0.933167;1.002411;0.498797;-0.498797
0.934167;1.002411;0.498797;-0.498797
0.935167;1.002411;0.498797;-0.498797
0.936167;1.002411;0.498797;-0.498797
0.937167;1.002411;0.498797;-0.498797
0.938167;1.002411;0.498797;-0.498797
0.939167;1.002411;0.498797;-0.498797
0.940167;1.002411;0.498797;-0.498797
0.941167;1.002411;0.498797;-0.498797
0.942167;1.002411;0.498797;-0.498797
0.943167;1.002411;0.498797;-0.498797
0.944167;1.002411;0.498797;-0.498797
0.945167;1.002411;0.498797;-0.498797
0.946167;1.002411;0.498797;-0.498797
0.947167;1.002411;0.498797;-0.498797
0.948167;1.002411;0.498797;-0.498797
0.949167;1.002411;0.498797;-0.498797
0.950167;1.002411;0.498797;-0.498797
0.951167;1.002411;0.498797;-0.498797
0.952167;1.002411;0.498797;-0.498797
0.953167;1.002411;0.498797;-0.498797
0.954167;1.002411;0.498797;-0.498797
0.955167;1.002411;0.498797;-0.498797
0.956167;1.002411;0.498797;-0.498797
0.957167;1.002411;0.498797;-0.498797
0.958167;1.002411;0.498797;-0.498797
0.959167;1.002411;0.498797;-0.498797
0.960167;1.002411;0.498797;-0.498797
0.961167;1.002411;0.498797;-0.498797
0.962167;1.002411;0.498797;-0.498797
0.963167;1.002411;0.498797;-0.498797
0.964167;1.002411;0.498797;-0.498797
0.965167;1.002411;0.498797;-0.498797
0.966167;1.002411;0.498797;-0.498797
0.967167;1.002411;0.498797;-0.498797
0.968167;1.002411;0.498797;-0.498797
0.969167;1.002411;0.498797;-0.498797
0.970167;1.002411;0.498797;-0.498797
0.971167;1.002411;0.498797;-0.498797
0.972167;1.002411;0.498797;-0.498797
0.973167;1.002411;0.498797;-0.498797
0.974167;1.002411;0.498797;-0.498797
0.975167;1.002411;0.498797;-0.498797
0.976167;1.002411;0.498797;-0.498797
0.977167;1.002411;0.498797;-0.498797
0.978167;1.002411;0.498797;-0.498797
0.979167;1.002411;0.498797;-0.498797
0.980167;1.002411;0.498797;-0.498797
0.981167;1.002411;0.498797;-0.498797
0.982167;1.002411;0.498797;-0.498797
0.983167;1.002411;0.498797;-0.498797
0.984167;1.002411;0.498797;-0.498797
0.985167;1.002411;0.498797;-0.498797
0.986167;1.002411;0.498797;-0.498797
0.987167;1.002411;0.498797;-0.498797
0.988167;1.002411;0.498797;-0.498797
0.989167;1.002411;0.498797;-0.498797
0.990167;1.002411;0.498797;-0.498797
0.991167;1.002411;0.498797;-0.498797
0.992167;1.002411;0.498797;-0.498797
0.993167;1.002411;0.498797;-0.498797
0.994167;1.002411;0.498797;-0.498797
0.995167;1.002411;0.498797;-0.498797
0.996167;1.002411;0.498797;-0.498797
0.997167;1.002411;0.498797;-0.498797
0.998167;1.002411;0.498797;-0.498797
0.999167;1.002411;0.498797;-0.498797
1.000000;1.002411;0.498797;-0.498797
